========================================================================================================================
ANALYSIS 1: Same Name + Phone → DIFFERENT Cities (in g_map_master_table)
These are the SAME business chain in multiple cities — should they be separate rows?
========================================================================================================================

Found 30 businesses appearing in MULTIPLE cities:

  [1] Tumbledry Dry Clean & Laundry Service
      Phone:      7677250250
      Cities:     Akola | Aligarh | Ambajogai | Amravati | Amritsar | Amroha | Aurangabad | Ballalpur | Bareilly | Barnala | Basmat | Batala | Bathinda | Bhalukpong | Bhandara | Bhiwandi | Chamba | Farrukhabad | Fatehpur | Firozabad | Gorakhpur | Hamirpur | Hapur | Hingoli | Hoshiarpur | Jaipur | Jhansi | Kanpur | Mandi | Mandla | Metengliang | Palampur | Panna | Piyong | Rampur | Sitapur | Unnao | Varanasi | Wakro
      Categories: Cleaning Service | House keeping Services | keeping Services | laundary service | Laundry Service | Nursing Services | Top Clothing Stores | Top Shoe Dealers
      Total Rows: 62  |  Distinct Cities: 39

  [2] SBI ATM
      Phone:      18001234
      Cities:     Akola | Akot | Amalapuram | Ambajogai | Amravati | Amroha | Aurangabad | Ballalpur | Barwani | Basmat | Batala | Bhandara | Bhimunipatnam | Bhiwandi | Fatehpur | Hoshiarpur | Jaipur | Karaikal | Karanja | Khadki | Loni | Mandla | Narsimhapur | Panna | Puducherry | Raghogarh | Sendhwa | Sitapur | Unnao
      Categories: atm | bank | Banks | Local ATM Locations
      Total Rows: 285  |  Distinct Cities: 29

  [3] HDFC Bank ATM
      Phone:      9409767967
      Cities:     Ahmednagar | Akola | Akot | Amalapuram | Ambajogai | Amravati | Amroha | Ashoknagar | Aurangabad | Ballalpur | Barnala | Barwani | Basmat | Bhandara | Bhimunipatnam | Bhiwandi | Fatehpur | Hoshiarpur | Jaipur | Karaikal | Karanja | Khadki | Loni | Mandla | Narsimhapur | Puducherry | Raghogarh | Sitapur | Unnao
      Categories: atm | bank | Banks | Local ATM Locations
      Total Rows: 130  |  Distinct Cities: 29

  [4] Axis Bank ATM
      Phone:      8605005555
      Cities:     Akola | Akot | Ambajogai | Amravati | Amroha | Ashoknagar | Aurangabad | Ballalpur | Barnala | Barwani | Basmat | Bhandara | Bhimunipatnam | Bhiwandi | Fatehpur | Hoshiarpur | Jaipur | Karaikal | Karanja | Khadki | Loni | Mandla | Narsimhapur | Puducherry | Raghogarh | Sendhwa | Sitapur | Unnao
      Categories: ATM | bank | Banks | Local ATM Locations
      Total Rows: 123  |  Distinct Cities: 28

  [5] State Bank of India ATM
      Phone:      1800112211
      Cities:     Ahmednagar | Akola | Akot | Amalapuram | Ambajogai | Amravati | Amritsar | Aurangabad | Ballalpur | Barwani | Batala | Bhimunipatnam | Bhiwandi | Fatehpur | Hoshiarpur | Jaipur | Karaikal | Karanja | Loni | Mandla | Mohali | Narsimhapur | Panna | Puducherry | Raghogarh | Sitapur
      Categories: atm | bank | Banks | Local ATM Locations
      Total Rows: 69  |  Distinct Cities: 26

  [6] HDFC Bank
      Phone:      9409767967
      Cities:     Ahmednagar | Akola | Akot | Amalapuram | Amravati | Amritsar | Aurangabad | Ballalpur | Barnala | Barwani | Basmat | Batala | Bhandara | Bhimunipatnam | Bhiwandi | Fatehpur | Jaipur | Karaikal | Karanja | Mandla | Mohali | Narsimhapur | Puducherry | Raghogarh | Sitapur
      Categories: Bank | Banks | Local ATM Locations
      Total Rows: 68  |  Distinct Cities: 25

  [7] Bank of Maharashtra ATM
      Phone:      8002334526
      Cities:     Ahmednagar | Akola | Akot | Amalapuram | Ambajogai | Amravati | Aurangabad | Ballalpur | Barwani | Bhandara | Bhimunipatnam | Bhiwandi | Fatehpur | Hoshiarpur | Karaikal | Karanja | Khadki | Loni | Raghogarh | Sendhwa | Sitapur | Unnao
      Categories: ATM | bank | Banks | Local ATM Locations
      Total Rows: 82  |  Distinct Cities: 22

  [8] Axis Bank Branch
      Phone:      8605005555
      Cities:     Akola | Akot | Amalapuram | Amravati | Amritsar | Ballalpur | Barnala | Barwani | Batala | Bhimunipatnam | Bhiwandi | Fatehpur | Hingoli | Karaikal | Karanja | Mandla | Mohali | Narsimhapur | Panna | Puducherry | Raghogarh | Sitapur
      Categories: bank | Banks | Local ATM Locations
      Total Rows: 38  |  Distinct Cities: 22

  [9] Rentokil PCI Pest Control Service
      Phone:      8657589608
      Cities:     Ahmednagar | Akola | Aligarh | Allahabad | Amravati | Amritsar | Bareilly | Bilaspur | Ghaziabad | Greater Noida | Jaipur | Kanpur | Manali | Mathura | Meerut | Moradabad | Noida | Paonta Sahib | Santokhgarh | Varanasi
      Categories: Pest Control Services
      Total Rows: 20  |  Distinct Cities: 20

  [10] Punjab National Bank - ATM
      Phone:      18001800
      Cities:     Akot | Ballalpur | Barnala | Barwani | Basmat | Batala | Bhiwandi | Fatehpur | Jaipur | Karaikal | Loni | Mandla | Narsimhapur | Panna | Puducherry | Raghogarh | Sendhwa | Sitapur
      Categories: atm | bank | Banks | Local ATM Locations
      Total Rows: 35  |  Distinct Cities: 18

  [11] SBI ATM
      Phone:      1800112211
      Cities:     Ahmednagar | Akola | Amalapuram | Ambajogai | Amravati | Amroha | Ballalpur | Bhandara | Bhimunipatnam | Fatehpur | Jaipur | Karaikal | Karanja | Mandla | Narsimhapur | Puducherry | Raghogarh | Sitapur
      Categories: atm | Banks | Local ATM Locations
      Total Rows: 32  |  Distinct Cities: 18

  [12] Kotak Mahindra Bank ATM
      Phone:      8602662666
      Cities:     Ahmednagar | Akola | Akot | Amalapuram | Ambajogai | Amravati | Ballalpur | Bhiwandi | Fatehpur | Hoshiarpur | Jaipur | Karaikal | Khadki | Narsimhapur | Puducherry | Raghogarh | Unnao
      Categories: ATM | bank | Banks | Local ATM Locations
      Total Rows: 47  |  Distinct Cities: 17

  [13] CANARA BANK ATM
      Phone:      18001030
      Cities:     Akola | Amravati | Aurangabad | Barwani | Basmat | Bhandara | Bhimunipatnam | Bhiwandi | Fatehpur | Jaipur | Karaikal | Khadki | Narsimhapur | Puducherry | Raghogarh | Sendhwa | Sitapur
      Categories: ATM | Local ATM Locations
      Total Rows: 33  |  Distinct Cities: 17

  [14] Bank of Baroda ATM
      Phone:      8002584455
      Cities:     Akola | Akot | Amravati | Amroha | Ballalpur | Basmat | Batala | Bhandara | Fatehpur | Jaipur | Karaikal | Karanja | Narsimhapur | Puducherry | Raghogarh | Unnao
      Categories: atm | Banks | Local ATM Locations
      Total Rows: 32  |  Distinct Cities: 16

  [15] Punjab National Bank
      Phone:      18001800
      Cities:     Akola | Amravati | Amritsar | Ashoknagar | Ballalpur | Barnala | Barwani | Batala | Fatehpur | Hoshiarpur | Loni | Mohali | Narsimhapur | Sendhwa | Sitapur
      Categories: bank | Banks
      Total Rows: 30  |  Distinct Cities: 15

  [16] Bank of Baroda ATM
      Phone:      18005700
      Cities:     Akot | Amalapuram | Ambajogai | Aurangabad | Ballalpur | Batala | Bhandara | Bhiwandi | Fatehpur | Hoshiarpur | Karaikal | Puducherry | Raghogarh | Sitapur | Unnao
      Categories: atm | bank | Banks | Local ATM Locations
      Total Rows: 26  |  Distinct Cities: 15

  [17] IndusInd Bank
      Phone:      8602677777
      Cities:     Ahmednagar | Amalapuram | Amravati | Amritsar | Ballalpur | Barwani | Batala | Fatehpur | Hingoli | Jaipur | Karaikal | Mohali | Narsimhapur | Puducherry
      Categories: atm | bank | Banks | Local ATM Locations
      Total Rows: 20  |  Distinct Cities: 14

  [18] IndusInd Bank ATM
      Phone:      8602677777
      Cities:     Akola | Ambajogai | Amravati | Amritsar | Barnala | Barwani | Bhimunipatnam | Fatehpur | Hoshiarpur | Jaipur | Karaikal | Karanja | Narsimhapur | Puducherry
      Categories: ATM | bank | Banks | Local ATM Locations
      Total Rows: 20  |  Distinct Cities: 14

  [19] ICICI BANK ATM
      Phone:      18001080
      Cities:     Ambajogai | Aurangabad | Ballalpur | Barwani | Basmat | Bhandara | Fatehpur | Karaikal | Narsimhapur | Panna | Sendhwa | Sitapur
      Categories: atm | bank | Banks | Local ATM Locations
      Total Rows: 19  |  Distinct Cities: 12

  [20] ICICI Bank Atm
      Phone:      8601207777
      Cities:     Akot | Ambajogai | Aurangabad | Ballalpur | Basmat | Bhandara | Fatehpur | Jaipur | Narsimhapur | Puducherry | Raghogarh | Sendhwa
      Categories: atm | Local ATM Locations
      Total Rows: 19  |  Distinct Cities: 12

  [21] AU Small Finance Bank
      Phone:      0012001200
      Cities:     Amalapuram | Amravati | Amritsar | Ashoknagar | Barnala | Barwani | Bhandara | Bhiwandi | Mandla | Mohali | Narsimhapur | Panna
      Categories: bank | Banks
      Total Rows: 15  |  Distinct Cities: 12

  [22] HDFC ERGO General Insurance
      Phone:      2262346234
      Cities:     Ahmednagar | Akot | Amravati | Amritsar | Amroha | Batala | Bhandara | Hoshiarpur | Khadki | Raghogarh | Unnao
      Categories: Insurance Services
      Total Rows: 43  |  Distinct Cities: 11

  [23] Punjab National Bank - CDM
      Phone:      18001800
      Cities:     Ashoknagar | Ballalpur | Barnala | Basmat | Batala | Karaikal | Karanja | Khadki | Puducherry | Raghogarh | Sitapur
      Categories: atm | bank | Banks | Local ATM Locations
      Total Rows: 15  |  Distinct Cities: 11

  [24] Lupin Diagnostics
      Phone:      7400169631
      Cities:     Ahmednagar | Akola | Amravati | Ashoknagar | Aurangabad | Bhalukpong | Borivali | Nraipur | Sitapur
      Categories: Pathology Laboratory
      Total Rows: 13  |  Distinct Cities: 9

  [25] Bandhan Bank
      Phone:      8002588181
      Cities:     Ahmednagar | Ashoknagar | Barnala | Batala | Bhiwandi | Fatehpur | Hoshiarpur | Mohali | Panna
      Categories: bank | Banks
      Total Rows: 10  |  Distinct Cities: 9

  [26] Bank of Baroda Branch
      Phone:      8002584455
      Cities:     Akola | Akot | Amravati | Barnala | Batala | Bhandara | Karaikal | Mandla | Narsimhapur
      Categories: bank | Banks
      Total Rows: 9  |  Distinct Cities: 9

  [27] CANARA BANK ATM1
      Phone:      18001030
      Cities:     Akola | Aurangabad | Bhandara | Bhimunipatnam | Fatehpur | Jaipur | Mandla | Raghogarh | Unnao
      Categories: atm | Local ATM Locations
      Total Rows: 9  |  Distinct Cities: 9

  [28] Jio-bp
      Phone:      8008919023
      Cities:     Ahmednagar | Akot | Amravati | Aurangabad | Batala | Bhandara | Hapur | Hoshiarpur | Sendhwa
      Categories: Gas Station | petrol pump | Transporters
      Total Rows: 9  |  Distinct Cities: 9

  [29] UClean Laundry
      Phone:      9999759911
      Cities:     Amravati | Bathinda | Greater Noida | Jaipur | Metengliang | Piyong | Puducherry | Wakro
      Categories: keeping Services | laundary service | Laundry Service
      Total Rows: 12  |  Distinct Cities: 8

  [30] Kotak Mahindra Bank
      Phone:      8602662666
      Cities:     Akola | Amalapuram | Amravati | Amritsar | Barnala | Khadki | Loni | Mohali
      Categories: Bank | Banks
      Total Rows: 9  |  Distinct Cities: 8

========================================================================================================================
ANALYSIS 2: EXACT Duplicates — Same Name + Phone + City + Category (TRUE duplicates)
These should NOT exist — they are the same record inserted multiple times
========================================================================================================================

Total duplicate GROUPS: 354
Total extra ROWS to remove: 901

  [1] SBI ATM
      Phone: 18001234  |  City: Mandla  |  Category: atm  |  Count: 18

  [2] HDFC Bank ATM
      Phone: 9409767967  |  City: Puducherry  |  Category: Local ATM Locations  |  Count: 17

  [3] SBI ATM
      Phone: 18001234  |  City: Narsimhapur  |  Category: atm  |  Count: 17

  [4] Bank of Maharashtra ATM
      Phone: 8002334526  |  City: Amravati  |  Category: ATM  |  Count: 17

  [5] SBI ATM
      Phone: 18001234  |  City: Ballalpur  |  Category: Local ATM Locations  |  Count: 17

  [6] SBI ATM
      Phone: 18001234  |  City: Akot  |  Category: Local ATM Locations  |  Count: 16

  [7] SBI ATM
      Phone: 18001234  |  City: Karaikal  |  Category: Local ATM Locations  |  Count: 14

  [8] SBI ATM
      Phone: 18001234  |  City: Bhandara  |  Category: atm  |  Count: 14

  [9] SBI ATM
      Phone: 18001234  |  City: Panna  |  Category: atm  |  Count: 13

  [10] SBI ATM
      Phone: 9118001234  |  City: Bhimunipatnam  |  Category: ATM  |  Count: 13

  [11] Bank of Maharashtra ATM
      Phone: 8002334526  |  City: Ahmednagar  |  Category: Local ATM Locations  |  Count: 12

  [12] SBI ATM
      Phone: 18001234  |  City: Puducherry  |  Category: Local ATM Locations  |  Count: 11

  [13] HDFC ERGO General Insurance
      Phone: 2262346234  |  City: Amravati  |  Category: Insurance Services  |  Count: 11

  [14] Apollo 24
      Phone: 8048851037  |  City: Puducherry  |  Category: pathology laboratory  |  Count: 10

  [15] HDFC ERGO General Insurance
      Phone: 2262346234  |  City: Amritsar  |  Category: Insurance Services  |  Count: 10

  [16] Bank of Maharashtra ATM
      Phone: 8002334526  |  City: Akola  |  Category: ATM  |  Count: 10

  [17] SBI ATM
      Phone: 9118001234  |  City: Amalapuram  |  Category: ATM  |  Count: 10

  [18] Axis Bank ATM
      Phone: 8605005555  |  City: Bhimunipatnam  |  Category: Local ATM Locations  |  Count: 10

  [19] Axis Bank ATM
      Phone: 8605005555  |  City: Puducherry  |  Category: Local ATM Locations  |  Count: 9

  [20] HDFC ERGO General Insurance
      Phone: 2262346234  |  City: Akot  |  Category: Insurance Services  |  Count: 9

  [21] SBI ATM
      Phone: 18001234  |  City: Sitapur  |  Category: atm  |  Count: 9

  [22] HDFC Bank ATM
      Phone: 9409767967  |  City: Hoshiarpur  |  Category: Local ATM Locations  |  Count: 9

  [23] State Bank of India ATM
      Phone: 1800112211  |  City: Jaipur  |  Category: Local ATM Locations  |  Count: 8

  [24] SBI ATM
      Phone: 18001234  |  City: Jaipur  |  Category: Local ATM Locations  |  Count: 8

  [25] SBI ATM
      Phone: 18001234  |  City: Narsimhapur  |  Category: Local ATM Locations  |  Count: 8

  [26] SBI ATM
      Phone: 18001234  |  City: Amravati  |  Category: Local ATM Locations  |  Count: 8

  [27] SBI ATM
      Phone: 18001234  |  City: Fatehpur  |  Category: atm  |  Count: 8

  [28] HDFC Bank ATM
      Phone: 9409767967  |  City: Raghogarh  |  Category: Local ATM Locations  |  Count: 7

  [29] HDFC Bank ATM
      Phone: 9409767967  |  City: Karaikal  |  Category: Local ATM Locations  |  Count: 7

  [30] HDFC Bank ATM
      Phone: 9409767967  |  City: Ballalpur  |  Category: Local ATM Locations  |  Count: 7

========================================================================================================================
DEEP DIVE: All rows for 'Tumbledry Dry Clean & Laundry Service' (phone: 7677250250)
========================================================================================================================

  Found 62 rows:

  ID        City                  State             Category                    Address (first 50 chars)
  --------------------------------------------------------------------------------------------------------------
  26438     Akola                 Maharashtra       Laundry Service             Bharti Plot, Balapur Road, near Iche Flour Mill
  26440     Akola                 Maharashtra       Laundry Service             Shop No 1, Ground Floor, Maa Vaishnavi Complex, Mi
  20861     Aligarh               Uttar Pradesh     keeping Services            HIG 16-A, Basement, Aashvee Complex, Main Road
  20863     Aligarh               Uttar Pradesh     keeping Services            Shop No: 4, Sai Paradise, ITI Rd, opposite Lal Tal
  4040      Ambajogai             Maharashtra       House keeping Services      Gali No: 2, Near: Someshwar Hospital, Balaji Compl
  17735     Amravati              Maharashtra       Laundry Service             Plot No: 8, Badnera Rd, near Shrikrushna Hospital
  17752     Amravati              Maharashtra       Laundry Service             Shop No: 01, Dr Jawarkars Maternity Centre, Mehare
  26053     Amritsar              Punjab            laundary service            Prince Tower, 267/1, 100 Feet Rd, near Hotel Eupho
  26054     Amritsar              Punjab            laundary service            Shop No: 37/A, Opposite: Bhimsen Jewellers, Shivaj
  26056     Amritsar              Punjab            laundary service            KD Market, 09, Airport Rd, near Surjit Hospital
  26059     Amritsar              Punjab            laundary service            Shop No 6, near Guru Nanak Dev University
  41342     Amroha                Uttar Pradesh     Top Shoe Dealers            Azad Rd, near Ambedkar Park
  47172     Aurangabad            Maharashtra       Laundry Service             Shop No.103, First Floor, Ganga Sidhi Building, Sa
  47173     Aurangabad            Maharashtra       Laundry Service             Shop No: 14-D3, My World, near Hyatt Hotel
  47174     Aurangabad            Maharashtra       Laundry Service             Shop No 108, Labh Chamber, Plot No 7, Railway Stat
  47175     Aurangabad            Maharashtra       Laundry Service             Ground Floor, Hotel Ratan, MG Rd, opposite Panchde
  26301     Ballalpur             Maharashtra       laundary service            Ekori Ward, Abhay Cinejoy Theatre, Near, opposite 
  21162     Bareilly              Uttar Pradesh     keeping Services            Shop No 167, Opposit D'Grand Hotel, Station Rd
  32649     Barnala               Punjab            House keeping Services      RKG Innovations, KC Rd, opposite Sardar White Hous
  43783     Basmat                Maharashtra       laundary service            Mohite Patil Complex, MIDC, Corner, Basmat Rd, nea
  51738     Batala                Punjab            laundary service            Shop No: B, XI-159-B, Cinema Rd
  47660     Bathinda              Punjab            laundary service            Shop No: 1029, Amrik Singh Rd, opposite Pipal Wala
  47663     Bathinda              Punjab            laundary service            Sco 27, opposite Dadi Poti Park
  39240     Bhalukpong            Arunachal Pradesh laundary service            Shop No 17, NL Daulagupu Sports Complex
  31737     Bhandara              Maharashtra       House keeping Services      Opposite: Mangalmurti Sabhagruha, Plot No: 10, Ruk
  50339     Bhiwandi              Maharashtra       Cleaning Service            Gala No: 2, Ground Floor, Krishnaiwani Complex, Bh
  50344     Bhiwandi              Maharashtra       Cleaning Service            1st Floor, Khushi Axis World, Commercial Unit No: 
  32242     Chamba                Himachal Pradesh  Nursing Services            Dhall Medicos, Hospital Road
  20866     Farrukhabad           Uttar Pradesh     keeping Services            Shop No: 6, Khushali Garden, 107 A
  36343     Fatehpur              Uttar Pradesh     laundary service            192, Verma Chauraha, in front of Sai Mandir
  21142     Firozabad             Uttar Pradesh     keeping Services            Shop No 6, Gate No 2, RS Plaza, Jalesar Rd, opposi
  21036     Gorakhpur             Uttar Pradesh     keeping Services            C/102/118, First Floor, opposite Hora Tower, near 
  32047     Hamirpur              Himachal Pradesh  Nursing Services            Ward No 8, New Road, opposite Axis Bank, near Domi
  21277     Hapur                 Uttar Pradesh     keeping Services            Shop No 4, Meerut Rd, opposite Hitkari Banquet
  65651     Hingoli               Maharashtra       Top Clothing Stores         Agrsen Chowk, Shop No: 101, G. R. Chaudhary Comple
  65461     Hoshiarpur            Punjab            laundary service            The Mall Road, near LIC Office
  4543      Jaipur                Rajasthan         laundary service            Siddhi Nagar, 75, Muhana Mandi Rd
  4577      Jaipur                Rajasthan         laundary service            Main, Sikar Rd, near Hanuman Dhaba
  4589      Jaipur                Rajasthan         laundary service            G-4, RK Tower, Near, Niwas Marg
  4607      Jaipur                Rajasthan         laundary service            38/243, Main Madhyam Marg Near Rajat Path Chauraha
  4615      Jaipur                Rajasthan         laundary service            Golden Heights, B-201, Rajendra Marg
  4631      Jaipur                Rajasthan         laundary service            Vaishali Tower II, B-6, Nursery Cir
  21020     Jhansi                Uttar Pradesh     keeping Services            56, Sundar Vihar Colony, near DIG Bungalow
  21232     Kanpur                Uttar Pradesh     keeping Services            Shop No: 75, Express Rd
  21246     Kanpur                Uttar Pradesh     keeping Services            14/44
  34309     Mandi                 Himachal Pradesh  House keeping Services      Shop No. 1, SMS Complex, near Tanishq Showroom
  32013     Mandla                Madhya Pradesh    laundary service            Malakhedi Rd
  32014     Mandla                Madhya Pradesh    laundary service            First floor, Ice Factory, Mandla - Jabalpur Rd
  38817     Metengliang           Arunachal Pradesh laundary service            Shongla Complex, Govt. Hr. Sec. School, College Ro
  38818     Metengliang           Arunachal Pradesh laundary service            Jully Basti Rd, near Monday Market
  38819     Metengliang           Arunachal Pradesh laundary service            Abotani Colony, Sector E, VIP Rd
  38821     Metengliang           Arunachal Pradesh laundary service            Shop No 1, Barapani Market Below Hotel Rajhans, Jo
  38827     Metengliang           Arunachal Pradesh laundary service            SB Rd, near Samsung Service Center
  33825     Palampur              Himachal Pradesh  House keeping Services      Shop No 16, Srishti Complex, below FirstCry.com Sh
  40119     Panna                 Madhya Pradesh    laundary service            Apna Hotel, Infront Of Income Tax Office
  38855     Piyong                Arunachal Pradesh laundary service            police Station, Shop No 1,2 & 11, Lipu, Likabali m
  21401     Rampur                Uttar Pradesh     keeping Services            Shop No. 11-12, Shree Ji Plaza Johar, Shaukat Ali 
  61876     Sitapur               Uttar Pradesh     laundary service            10, near Saigal Diagnostic
  56850     Unnao                 Uttar Pradesh     laundary service            Shop Number: 1303/11, opposite Old Age Home
  20944     Varanasi              Uttar Pradesh     keeping Services            B-31/83 K-2, Ground Floor Near The Benaras Sweet H
  38831     Wakro                 Arunachal Pradesh laundary service            Engineering Colony
  38832     Wakro                 Arunachal Pradesh laundary service            Type 2, Colony, near Circuit House


========================================================================================================================
SUMMARY
========================================================================================================================
  Master Table Total:              66,428
  Clean Table Total:               66,428
  Multi-city businesses:               30
  Exact duplicate groups:             354
  Extra rows (true dupes):            901

  CONCLUSION:
  → Businesses with SAME name+phone in DIFFERENT cities = REAL separate locations (KEEP them)
  → 354 groups have EXACT same name+phone+city+category = TRUE duplicates (REMOVE them)